url,signals,explanation_en,refined_explanation
https://www.southbankmosaics.com,uses an unusually long and potentially deceptive domain name | shows repeated character sequences indicative of lexical obfuscation | shows semantic inconsistency between the URL structure and webpage content | contains sensitive keywords such as bank commonly targeted in credential theft attacks,"This URL is classified as malicious because it uses an unusually long and potentially deceptive domain name, shows repeated character sequences indicative of lexical obfuscation, shows semantic inconsistency between the URL structure and webpage content, and contains sensitive keywords such as bank commonly targeted in credential theft attacks. These characteristics are frequently associated with deceptive or malicious web infrastructure.","This URL exhibits several indicators suggesting malicious intent. Specifically, it employs a lengthy and potentially misleading domain name, incorporates repeated character sequences – a technique known as lexical obfuscation – displays a disconnect between its URL structure and the content presented on the webpage, and utilizes sensitive keywords like “bank,” which are frequently exploited in credential theft attacks. These patterns are commonly observed in deceptive or compromised web environments."
https://www.uni-mainz.de,shows repeated character sequences indicative of lexical obfuscation | uses a low-trust top-level domain frequently abused in phishing campaigns,"This URL is classified as malicious because it shows repeated character sequences indicative of lexical obfuscation, and uses a low-trust top-level domain frequently abused in phishing campaigns. Some of these indicators may suggest attempts to hide or obfuscate the true destination of the URL.","The URL is flagged as potentially malicious due to several concerning indicators. Specifically, it exhibits patterns of lexical obfuscation – the repetition of character sequences – and utilizes a top-level domain commonly associated with phishing campaigns and generally considered low-trust. These characteristics suggest an attempt to conceal the URL’s actual destination."
https://www.voicefmradio.co.uk,shows repeated character sequences indicative of lexical obfuscation | uses a low-trust top-level domain frequently abused in phishing campaigns,"This URL is classified as malicious because it shows repeated character sequences indicative of lexical obfuscation, and uses a low-trust top-level domain frequently abused in phishing campaigns. Some of these indicators may suggest attempts to hide or obfuscate the true destination of the URL.","The URL under review presents several red flags suggesting malicious intent. Specifically, the presence of repeated character sequences points to lexical obfuscation – a technique used to conceal the true destination. Furthermore, the URL’s top-level domain is associated with a history of abuse in phishing campaigns, indicating a low level of trust. These combined indicators suggest an attempt to disguise the URL’s actual purpose."
https://www.sfnmjournal.com,shows repeated character sequences indicative of lexical obfuscation | shows semantic inconsistency between the URL structure and webpage content,"This URL is classified as malicious because it shows repeated character sequences indicative of lexical obfuscation, and shows semantic inconsistency between the URL structure and webpage content. Some of these indicators may suggest attempts to hide or obfuscate the true destination of the URL.","This URL is flagged as potentially malicious due to observed indicators. Specifically, the presence of repeated character sequences suggests lexical obfuscation, and a disconnect exists between the URL’s structure and the content of the webpage. These discrepancies may indicate an attempt to conceal the URL’s actual destination."
https://www.rewildingargentina.org,uses an unusually long and potentially deceptive domain name | shows repeated character sequences indicative of lexical obfuscation | uses a low-trust top-level domain frequently abused in phishing campaigns,"This URL is classified as malicious because it uses an unusually long and potentially deceptive domain name, shows repeated character sequences indicative of lexical obfuscation, and uses a low-trust top-level domain frequently abused in phishing campaigns. Some of these indicators may suggest attempts to hide or obfuscate the true destination of the URL.","The URL exhibits several characteristics suggestive of malicious intent. Specifically, it incorporates an unusually lengthy and potentially misleading domain name, demonstrates repeated character sequences – a technique known as lexical obfuscation – and utilizes a top-level domain associated with a history of abuse in phishing activities. These elements collectively raise concerns about the URL’s legitimacy and potential to lead to deceptive or harmful destinations."
https://www.globalreporting.org, ,"This URL is classified as malicious because it uses an unusually long and potentially deceptive domain name, shows repeated character sequences indicative of lexical obfuscation, uses a low-trust top-level domain frequently abused in phishing campaigns, and shows semantic inconsistency between the URL structure and webpage content. These characteristics are frequently associated with deceptive or malicious web infrastructure.","Here's a refined explanation of the URL’s classification, incorporating the requested improvements:

“This URL is flagged as potentially malicious due to several concerning indicators. Specifically, the domain name’s length and repetitive character sequences suggest a tactic known as lexical obfuscation. Furthermore, the use of a less common top-level domain – frequently exploited in phishing activities – raises a red flag. Finally, there’s a noticeable disconnect between the URL’s structure and the content presented on the webpage, a characteristic often observed in deceptive or compromised websites.”"
https://www.saffronart.com,shows repeated character sequences indicative of lexical obfuscation | shows semantic inconsistency between the URL structure and webpage content,"This URL is classified as malicious because it shows repeated character sequences indicative of lexical obfuscation, and shows semantic inconsistency between the URL structure and webpage content. Some of these indicators may suggest attempts to hide or obfuscate the true destination of the URL.","This URL is flagged as potentially malicious due to observed indicators. Specifically, the presence of repeated character sequences suggests lexical obfuscation, and a disconnect exists between the URL’s structure and the content it displays. These discrepancies may indicate an effort to conceal the true destination of the link."
https://www.nerdscandy.com,shows repeated character sequences indicative of lexical obfuscation,This URL is classified as malicious because it shows repeated character sequences indicative of lexical obfuscation. Some of these indicators may suggest attempts to hide or obfuscate the true destination of the URL.,"This URL is flagged as potentially malicious due to the presence of repeated character sequences, a technique known as lexical obfuscation. This pattern suggests an attempt to conceal the actual destination of the link."
https://www.hyderabadonline.in,shows repeated character sequences indicative of lexical obfuscation | uses a low-trust top-level domain frequently abused in phishing campaigns,"This URL is classified as malicious because it shows repeated character sequences indicative of lexical obfuscation, and uses a low-trust top-level domain frequently abused in phishing campaigns. Some of these indicators may suggest attempts to hide or obfuscate the true destination of the URL.","The URL under review raises security concerns due to observed characteristics. Specifically, the presence of repeated character sequences suggests lexical obfuscation, a technique often employed to conceal the true destination. Furthermore, the URL’s top-level domain is associated with a history of abuse in phishing campaigns, indicating a potential for malicious activity. These factors warrant careful scrutiny."
https://www.aap.org,shows repeated character sequences indicative of lexical obfuscation | uses a low-trust top-level domain frequently abused in phishing campaigns | shows semantic inconsistency between the URL structure and webpage content,"This URL is classified as malicious because it shows repeated character sequences indicative of lexical obfuscation, uses a low-trust top-level domain frequently abused in phishing campaigns, and shows semantic inconsistency between the URL structure and webpage content. These characteristics are frequently associated with deceptive or malicious web infrastructure.","This URL is flagged as potentially malicious due to several concerning indicators. Specifically, it exhibits repeated character sequences, a technique known as lexical obfuscation. Furthermore, the URL’s top-level domain is often associated with phishing campaigns and is considered a low-trust source. Finally, there’s a disconnect between the URL’s structure and the content presented on the webpage, suggesting a deceptive design. These elements collectively point to a potential risk associated with this website."
https://www.religionenlibertad.com,uses an unusually long and potentially deceptive domain name | shows repeated character sequences indicative of lexical obfuscation,"This URL is classified as malicious because it uses an unusually long and potentially deceptive domain name, and shows repeated character sequences indicative of lexical obfuscation. Some of these indicators may suggest attempts to hide or obfuscate the true destination of the URL.","This URL is flagged as potentially malicious due to several concerning indicators. Specifically, the domain name is unusually long and incorporates repeating character sequences, which may be a tactic to obscure the URL’s true destination. These elements suggest an attempt to conceal the intended website."
https://www.socialpolicy.org,shows repeated character sequences indicative of lexical obfuscation | uses a low-trust top-level domain frequently abused in phishing campaigns,"This URL is classified as malicious because it shows repeated character sequences indicative of lexical obfuscation, and uses a low-trust top-level domain frequently abused in phishing campaigns. Some of these indicators may suggest attempts to hide or obfuscate the true destination of the URL.","This URL is flagged as potentially malicious due to several concerning indicators. Specifically, the presence of repeated character sequences suggests lexical obfuscation – a technique used to conceal the true destination. Furthermore, the URL employs a top-level domain commonly associated with phishing campaigns, indicating a low level of trust. These observations collectively raise the possibility that the URL is being utilized to mask its actual purpose."
https://www.aoh61.com,shows repeated character sequences indicative of lexical obfuscation | shows semantic inconsistency between the URL structure and webpage content,"This URL is classified as malicious because it shows repeated character sequences indicative of lexical obfuscation, and shows semantic inconsistency between the URL structure and webpage content. Some of these indicators may suggest attempts to hide or obfuscate the true destination of the URL.","This URL is flagged as potentially malicious due to observed indicators. Specifically, the presence of repeated character sequences suggests lexical obfuscation, and a disconnect exists between the URL’s structure and the content displayed on the webpage. These discrepancies may indicate an attempt to conceal the true destination of the link."
https://www.bulgariaski.com,shows repeated character sequences indicative of lexical obfuscation,This URL is classified as malicious because it shows repeated character sequences indicative of lexical obfuscation. Some of these indicators may suggest attempts to hide or obfuscate the true destination of the URL.,"This URL is flagged as potentially malicious due to the presence of repeated character sequences, a technique known as lexical obfuscation. This pattern suggests an attempt to conceal the true destination of the URL, potentially masking a harmful website."
https://www.brightika.com,shows repeated character sequences indicative of lexical obfuscation | shows semantic inconsistency between the URL structure and webpage content,"This URL is classified as malicious because it shows repeated character sequences indicative of lexical obfuscation, and shows semantic inconsistency between the URL structure and webpage content. Some of these indicators may suggest attempts to hide or obfuscate the true destination of the URL.","This URL is flagged as potentially malicious due to several concerning indicators. Specifically, the presence of repeated character sequences suggests lexical obfuscation – a technique used to conceal the true destination. Furthermore, a disconnect between the URL’s structure and the content of the webpage raises concerns about potential deception. These observations collectively point to possible attempts to hide the URL’s actual purpose."
https://www.motley.ie,shows repeated character sequences indicative of lexical obfuscation | uses a low-trust top-level domain frequently abused in phishing campaigns,"This URL is classified as malicious because it shows repeated character sequences indicative of lexical obfuscation, and uses a low-trust top-level domain frequently abused in phishing campaigns. Some of these indicators may suggest attempts to hide or obfuscate the true destination of the URL.","The URL is flagged as potentially malicious due to several concerning indicators. Specifically, the presence of repeated character sequences suggests lexical obfuscation – a technique used to conceal the true destination. Furthermore, the URL employs a top-level domain known to be frequently associated with phishing campaigns, raising concerns about its trustworthiness. These observations collectively indicate an attempt to mask the URL’s actual purpose."
https://www.funzine.hu,shows repeated character sequences indicative of lexical obfuscation | uses a low-trust top-level domain frequently abused in phishing campaigns,"This URL is classified as malicious because it shows repeated character sequences indicative of lexical obfuscation, and uses a low-trust top-level domain frequently abused in phishing campaigns. Some of these indicators may suggest attempts to hide or obfuscate the true destination of the URL.","The URL is flagged as potentially malicious due to several concerning indicators. Specifically, the presence of repeated character sequences suggests lexical obfuscation – a technique used to conceal the true destination. Furthermore, the URL’s top-level domain is associated with a history of abuse in phishing campaigns, raising concerns about its trustworthiness. These factors collectively indicate an attempt to obscure the URL’s intended purpose."
https://www.dixxon.com,shows repeated character sequences indicative of lexical obfuscation | shows semantic inconsistency between the URL structure and webpage content,"This URL is classified as malicious because it shows repeated character sequences indicative of lexical obfuscation, and shows semantic inconsistency between the URL structure and webpage content. Some of these indicators may suggest attempts to hide or obfuscate the true destination of the URL.","This URL is flagged as potentially malicious due to observed characteristics. Specifically, the presence of repeated character sequences suggests lexical obfuscation, and a disconnect exists between the URL’s structure and the content it presents. These indicators may indicate an effort to conceal the true destination of the URL."
https://www.ooty.ind.in,shows repeated character sequences indicative of lexical obfuscation | uses a low-trust top-level domain frequently abused in phishing campaigns,"This URL is classified as malicious because it shows repeated character sequences indicative of lexical obfuscation, and uses a low-trust top-level domain frequently abused in phishing campaigns. Some of these indicators may suggest attempts to hide or obfuscate the true destination of the URL.","The provided URL exhibits characteristics suggestive of malicious intent. Specifically, the presence of repeated character sequences indicates lexical obfuscation, a technique often employed to conceal the true destination. Furthermore, the URL’s top-level domain is associated with a history of abuse in phishing campaigns, raising concerns about potential deception and fraudulent activity."
https://www.cryptocompare.com,shows repeated character sequences indicative of lexical obfuscation | shows semantic inconsistency between the URL structure and webpage content,"This URL is classified as malicious because it shows repeated character sequences indicative of lexical obfuscation, and shows semantic inconsistency between the URL structure and webpage content. Some of these indicators may suggest attempts to hide or obfuscate the true destination of the URL.","This URL is flagged as potentially malicious due to observed characteristics. Specifically, the presence of repeated character sequences suggests lexical obfuscation, and a disconnect exists between the URL’s structure and the content displayed on the webpage. These indicators may indicate an attempt to conceal the true destination of the link."
https://www.diariodealmeria.es,shows repeated character sequences indicative of lexical obfuscation | uses a low-trust top-level domain frequently abused in phishing campaigns,"This URL is classified as malicious because it shows repeated character sequences indicative of lexical obfuscation, and uses a low-trust top-level domain frequently abused in phishing campaigns. Some of these indicators may suggest attempts to hide or obfuscate the true destination of the URL.","The URL is flagged as potentially malicious due to several concerning indicators. Specifically, it exhibits patterns of lexical obfuscation – the repetition of character sequences – and utilizes a top-level domain commonly associated with phishing campaigns and generally considered low-trust. These characteristics suggest an effort to conceal the URL’s actual destination and should be treated with caution."
https://www.town.minamichita.lg.jp,uses an unusually long and potentially deceptive domain name | contains excessive nested subdomains frequently used to disguise malicious destinations | shows repeated character sequences indicative of lexical obfuscation | uses a low-trust top-level domain frequently abused in phishing campaigns | shows semantic inconsistency between the URL structure and webpage content,"This URL is classified as malicious because it uses an unusually long and potentially deceptive domain name, contains excessive nested subdomains frequently used to disguise malicious destinations, shows repeated character sequences indicative of lexical obfuscation, uses a low-trust top-level domain frequently abused in phishing campaigns, and shows semantic inconsistency between the URL structure and webpage content. The combination of these indicators strongly resembles known phishing, credential harvesting, malware delivery, or malicious redirection infrastructure.","This URL exhibits several characteristics suggestive of malicious activity. Specifically, it incorporates an unusually lengthy and potentially misleading domain name, utilizes a high degree of nested subdomains – often employed to conceal genuine destinations – and demonstrates lexical obfuscation through repeated character sequences. Furthermore, the domain’s top-level domain carries a low level of trust, a characteristic frequently observed in phishing campaigns. Finally, a disconnect exists between the URL’s structure and the content presented on the webpage. Taken together, these elements strongly indicate a potential risk associated with phishing, credential harvesting, malware distribution, or the redirection to compromised infrastructure."
https://www.bwresearch.com,shows repeated character sequences indicative of lexical obfuscation,This URL is classified as malicious because it shows repeated character sequences indicative of lexical obfuscation. Some of these indicators may suggest attempts to hide or obfuscate the true destination of the URL.,"This URL is flagged as potentially malicious due to the presence of repeated character sequences, a technique known as lexical obfuscation. This often indicates an attempt to conceal the true destination of the URL, potentially masking a harmful link."
https://www.musicvideoproduction.guru,uses an unusually long and potentially deceptive domain name | shows repeated character sequences indicative of lexical obfuscation | uses a low-trust top-level domain frequently abused in phishing campaigns,"This URL is classified as malicious because it uses an unusually long and potentially deceptive domain name, shows repeated character sequences indicative of lexical obfuscation, and uses a low-trust top-level domain frequently abused in phishing campaigns. Some of these indicators may suggest attempts to hide or obfuscate the true destination of the URL.","This URL has been flagged as potentially malicious due to several concerning characteristics. Specifically, it incorporates a lengthy and potentially misleading domain name, exhibits repeated character patterns – a technique known as lexical obfuscation – and utilizes a top-level domain often associated with fraudulent activity, particularly in phishing campaigns. These factors raise a red flag, suggesting an effort to conceal the URL’s actual destination."
https://www.landed.com,shows repeated character sequences indicative of lexical obfuscation,This URL is classified as malicious because it shows repeated character sequences indicative of lexical obfuscation. Some of these indicators may suggest attempts to hide or obfuscate the true destination of the URL.,"This URL is flagged as potentially malicious due to the presence of repeated character sequences, a technique known as lexical obfuscation. This pattern suggests an attempt to conceal the true destination of the URL, potentially masking a harmful link."
https://www.bikeseoul.com,shows repeated character sequences indicative of lexical obfuscation | shows semantic inconsistency between the URL structure and webpage content,"This URL is classified as malicious because it shows repeated character sequences indicative of lexical obfuscation, and shows semantic inconsistency between the URL structure and webpage content. Some of these indicators may suggest attempts to hide or obfuscate the true destination of the URL.","This URL is flagged as potentially malicious due to observed indicators. Specifically, the presence of repeated character sequences suggests lexical obfuscation, and a disconnect between the URL’s structure and the content of the webpage raises concerns. These discrepancies may represent an attempt to conceal the true destination of the link."
https://www.ibeani.co.uk,shows repeated character sequences indicative of lexical obfuscation | uses a low-trust top-level domain frequently abused in phishing campaigns | shows semantic inconsistency between the URL structure and webpage content,"This URL is classified as malicious because it shows repeated character sequences indicative of lexical obfuscation, uses a low-trust top-level domain frequently abused in phishing campaigns, and shows semantic inconsistency between the URL structure and webpage content. These characteristics are frequently associated with deceptive or malicious web infrastructure.","This URL exhibits several red flags suggesting malicious intent. Specifically, it demonstrates lexical obfuscation through repeated character sequences, utilizes a top-level domain commonly associated with phishing attacks, and presents a disconnect between its URL structure and the content of the webpage itself. These patterns are often observed in deceptive or compromised web environments."
https://www.metroretrovintage.com,uses an unusually long and potentially deceptive domain name | shows repeated character sequences indicative of lexical obfuscation | shows semantic inconsistency between the URL structure and webpage content,"This URL is classified as malicious because it uses an unusually long and potentially deceptive domain name, shows repeated character sequences indicative of lexical obfuscation, and shows semantic inconsistency between the URL structure and webpage content. Some of these indicators may suggest attempts to hide or obfuscate the true destination of the URL.","This URL exhibits characteristics suggestive of malicious activity. Specifically, it incorporates a lengthy and potentially misleading domain name, utilizes repeated character sequences – a technique known as lexical obfuscation – and demonstrates a disconnect between the URL’s structure and the content of the webpage. These elements may indicate an effort to conceal the intended destination."
https://www.vysor.io,shows repeated character sequences indicative of lexical obfuscation | uses a low-trust top-level domain frequently abused in phishing campaigns,"This URL is classified as malicious because it shows repeated character sequences indicative of lexical obfuscation, and uses a low-trust top-level domain frequently abused in phishing campaigns. Some of these indicators may suggest attempts to hide or obfuscate the true destination of the URL.","This URL is flagged as potentially malicious due to several concerning indicators. Specifically, the presence of repeated character sequences suggests lexical obfuscation – a technique used to conceal the true destination. Furthermore, the URL employs a top-level domain commonly associated with phishing campaigns, indicating a lower level of trust. These combined signals raise the possibility that the URL is attempting to mask its actual intent."
https://www.salutlive.com,shows repeated character sequences indicative of lexical obfuscation,This URL is classified as malicious because it shows repeated character sequences indicative of lexical obfuscation. Some of these indicators may suggest attempts to hide or obfuscate the true destination of the URL.,"This URL is flagged as potentially malicious due to the presence of repeated character sequences, which suggests the use of lexical obfuscation. This technique is often employed to conceal the true destination of a URL and may indicate an attempt to disguise malicious intent."
https://www.recettessimples.fr,shows repeated character sequences indicative of lexical obfuscation | uses a low-trust top-level domain frequently abused in phishing campaigns,"This URL is classified as malicious because it shows repeated character sequences indicative of lexical obfuscation, and uses a low-trust top-level domain frequently abused in phishing campaigns. Some of these indicators may suggest attempts to hide or obfuscate the true destination of the URL.","This URL is flagged as potentially malicious due to several concerning indicators. Specifically, the presence of repeated character sequences suggests lexical obfuscation – a technique used to conceal the true destination. Furthermore, the URL utilizes a top-level domain known for frequent abuse in phishing campaigns, raising concerns about its trustworthiness. These factors together suggest an attempt to disguise the URL’s actual location."
https://www.ainewsletter.com,shows repeated character sequences indicative of lexical obfuscation,This URL is classified as malicious because it shows repeated character sequences indicative of lexical obfuscation. Some of these indicators may suggest attempts to hide or obfuscate the true destination of the URL.,"This URL is flagged as potentially malicious due to the presence of repeated character sequences, a technique known as lexical obfuscation. This pattern may indicate an attempt to conceal the true destination of the URL, raising concerns about potential malicious activity."
https://www.marrugeku.com.au,shows repeated character sequences indicative of lexical obfuscation | uses a low-trust top-level domain frequently abused in phishing campaigns | shows semantic inconsistency between the URL structure and webpage content,"This URL is classified as malicious because it shows repeated character sequences indicative of lexical obfuscation, uses a low-trust top-level domain frequently abused in phishing campaigns, and shows semantic inconsistency between the URL structure and webpage content. These characteristics are frequently associated with deceptive or malicious web infrastructure.","This URL is flagged as potentially malicious due to several concerning indicators. Specifically, the presence of repeated character sequences suggests lexical obfuscation. Furthermore, the URL’s top-level domain is often associated with phishing campaigns, indicating a low level of trust. Finally, a disconnect exists between the URL’s structure and the content presented on the webpage. These combined observations are commonly observed in deceptive or malicious web environments."
https://www.sweatdrop.com,shows repeated character sequences indicative of lexical obfuscation,This URL is classified as malicious because it shows repeated character sequences indicative of lexical obfuscation. Some of these indicators may suggest attempts to hide or obfuscate the true destination of the URL.,"This URL is flagged as potentially malicious due to the presence of repeated character sequences, a technique known as lexical obfuscation. This pattern often indicates an attempt to conceal the actual destination URL, raising concerns about potential phishing or other malicious activity."
https://www.senacases.com,shows repeated character sequences indicative of lexical obfuscation,This URL is classified as malicious because it shows repeated character sequences indicative of lexical obfuscation. Some of these indicators may suggest attempts to hide or obfuscate the true destination of the URL.,"This URL is flagged as potentially malicious due to the presence of repeated character sequences, a technique known as lexical obfuscation. This pattern suggests an attempt to conceal the actual destination of the URL, potentially masking a harmful website."
https://www.vespatales.com,shows repeated character sequences indicative of lexical obfuscation,This URL is classified as malicious because it shows repeated character sequences indicative of lexical obfuscation. Some of these indicators may suggest attempts to hide or obfuscate the true destination of the URL.,"This URL is flagged as potentially malicious due to the presence of repeated character sequences, a technique known as lexical obfuscation. This pattern suggests an attempt to conceal the actual destination of the URL, raising concerns about potential malicious activity."
https://www.klerk.ru,shows repeated character sequences indicative of lexical obfuscation | uses a low-trust top-level domain frequently abused in phishing campaigns | shows semantic inconsistency between the URL structure and webpage content,"This URL is classified as malicious because it shows repeated character sequences indicative of lexical obfuscation, uses a low-trust top-level domain frequently abused in phishing campaigns, and shows semantic inconsistency between the URL structure and webpage content. These characteristics are frequently associated with deceptive or malicious web infrastructure.","This URL is flagged as potentially malicious due to several concerning indicators. Specifically, it exhibits lexical obfuscation through repeated character sequences, utilizes a top-level domain commonly associated with phishing attacks, and demonstrates a disconnect between the URL’s structure and the content presented on the webpage. These elements often point to deceptive or compromised web environments."
https://www.karenmillen.com,shows repeated character sequences indicative of lexical obfuscation,This URL is classified as malicious because it shows repeated character sequences indicative of lexical obfuscation. Some of these indicators may suggest attempts to hide or obfuscate the true destination of the URL.,"This URL is flagged as potentially malicious due to the presence of repeated character sequences, a technique known as lexical obfuscation. This pattern may indicate an attempt to conceal the actual destination URL."
https://www.mlpack.org,shows repeated character sequences indicative of lexical obfuscation | uses a low-trust top-level domain frequently abused in phishing campaigns,"This URL is classified as malicious because it shows repeated character sequences indicative of lexical obfuscation, and uses a low-trust top-level domain frequently abused in phishing campaigns. Some of these indicators may suggest attempts to hide or obfuscate the true destination of the URL.","This URL is flagged as potentially malicious due to several concerning indicators. Specifically, the presence of repeated character sequences suggests lexical obfuscation, a technique often employed to conceal the true destination. Furthermore, the URL utilizes a top-level domain known for frequent abuse in phishing campaigns, raising a significant level of suspicion. These observations collectively indicate an attempt to mask or obscure the URL’s intended purpose."
https://www.schmitzfotografia.com.br,uses an unusually long and potentially deceptive domain name | shows repeated character sequences indicative of lexical obfuscation | uses a low-trust top-level domain frequently abused in phishing campaigns | shows semantic inconsistency between the URL structure and webpage content,"This URL is classified as malicious because it uses an unusually long and potentially deceptive domain name, shows repeated character sequences indicative of lexical obfuscation, uses a low-trust top-level domain frequently abused in phishing campaigns, and shows semantic inconsistency between the URL structure and webpage content. These characteristics are frequently associated with deceptive or malicious web infrastructure.","The URL exhibits several characteristics suggestive of malicious intent. Specifically, it incorporates a lengthy and potentially misleading domain name, utilizes repeated character sequences – a technique known as lexical obfuscation – employs a top-level domain commonly associated with phishing attacks, and demonstrates a disconnect between the URL’s structure and the content of the webpage. These elements are often observed in deceptive or compromised web environments."
https://www.lanereport.com,shows repeated character sequences indicative of lexical obfuscation,This URL is classified as malicious because it shows repeated character sequences indicative of lexical obfuscation. Some of these indicators may suggest attempts to hide or obfuscate the true destination of the URL.,"This URL is flagged as potentially malicious due to the presence of repeated character sequences, a technique known as lexical obfuscation. This pattern suggests an attempt to conceal the URL’s actual destination and potentially mask malicious intent."
https://www.spg.pt,shows repeated character sequences indicative of lexical obfuscation | uses a low-trust top-level domain frequently abused in phishing campaigns | shows semantic inconsistency between the URL structure and webpage content,"This URL is classified as malicious because it shows repeated character sequences indicative of lexical obfuscation, uses a low-trust top-level domain frequently abused in phishing campaigns, and shows semantic inconsistency between the URL structure and webpage content. These characteristics are frequently associated with deceptive or malicious web infrastructure.","This URL exhibits several red flags suggesting malicious intent. Specifically, it demonstrates lexical obfuscation through repeated character sequences, utilizes a top-level domain commonly associated with phishing campaigns – indicating a low level of trust – and presents semantic inconsistencies between its URL structure and the content displayed on the webpage. These combined indicators are often observed in deceptive or compromised web environments."
https://www.coraevans.com,shows repeated character sequences indicative of lexical obfuscation,This URL is classified as malicious because it shows repeated character sequences indicative of lexical obfuscation. Some of these indicators may suggest attempts to hide or obfuscate the true destination of the URL.,"This URL is flagged as potentially malicious due to the presence of repeated character sequences, a technique known as lexical obfuscation. This pattern often indicates an attempt to conceal the true destination of the URL, potentially masking malicious intent."
https://www.torahmates.org,shows repeated character sequences indicative of lexical obfuscation | uses a low-trust top-level domain frequently abused in phishing campaigns | shows semantic inconsistency between the URL structure and webpage content,"This URL is classified as malicious because it shows repeated character sequences indicative of lexical obfuscation, uses a low-trust top-level domain frequently abused in phishing campaigns, and shows semantic inconsistency between the URL structure and webpage content. These characteristics are frequently associated with deceptive or malicious web infrastructure.","This URL is flagged as potentially malicious due to several concerning indicators. Specifically, the presence of repeated character sequences suggests lexical obfuscation, the URL’s top-level domain is commonly associated with phishing campaigns – indicating a low level of trust – and there’s a disconnect between the URL’s structure and the content presented on the webpage. These factors collectively point to a potentially deceptive or compromised website."
https://www.larepublica.co,shows repeated character sequences indicative of lexical obfuscation | uses a low-trust top-level domain frequently abused in phishing campaigns | shows semantic inconsistency between the URL structure and webpage content,"This URL is classified as malicious because it shows repeated character sequences indicative of lexical obfuscation, uses a low-trust top-level domain frequently abused in phishing campaigns, and shows semantic inconsistency between the URL structure and webpage content. These characteristics are frequently associated with deceptive or malicious web infrastructure.","This URL is flagged as potentially malicious due to several concerning indicators. Specifically, it exhibits lexical obfuscation through repeated character sequences, utilizes a top-level domain commonly associated with phishing attacks, and demonstrates a disconnect between the URL’s structure and the content presented on the webpage. These patterns are often observed in deceptive or compromised web environments."
https://www.pimpim.lt,shows repeated character sequences indicative of lexical obfuscation | uses a low-trust top-level domain frequently abused in phishing campaigns | shows repeated lexical patterns resembling typosquatting or algorithmic domain generation,"This URL is classified as malicious because it shows repeated character sequences indicative of lexical obfuscation, uses a low-trust top-level domain frequently abused in phishing campaigns, and shows repeated lexical patterns resembling typosquatting or algorithmic domain generation. These characteristics are frequently associated with deceptive or malicious web infrastructure.","This URL exhibits several characteristics suggestive of malicious activity. Specifically, the presence of repeated character sequences points to lexical obfuscation. Furthermore, the URL utilizes a top-level domain commonly associated with phishing campaigns – a factor contributing to its low trust. Finally, repeated lexical patterns reminiscent of typosquatting or algorithmic domain generation raise concerns regarding potential deception. These indicators are frequently observed in environments designed to mislead or harbor malicious web infrastructure."
https://www.radware.com,shows repeated character sequences indicative of lexical obfuscation,This URL is classified as malicious because it shows repeated character sequences indicative of lexical obfuscation. Some of these indicators may suggest attempts to hide or obfuscate the true destination of the URL.,"This URL is flagged as potentially malicious due to the presence of repeated character sequences, which suggests the use of lexical obfuscation. This technique is often employed to conceal the true destination of a URL, potentially masking malicious intent."
https://www.classfmonline.com,shows repeated character sequences indicative of lexical obfuscation,This URL is classified as malicious because it shows repeated character sequences indicative of lexical obfuscation. Some of these indicators may suggest attempts to hide or obfuscate the true destination of the URL.,"This URL is flagged as potentially malicious due to the presence of repeated character sequences, a technique known as lexical obfuscation. This often indicates an attempt to conceal the true destination of the URL and could be a tactic used to disguise malicious activity."
https://www.cornerstoneinsurance.ca,uses an unusually long and potentially deceptive domain name | shows repeated character sequences indicative of lexical obfuscation | uses a low-trust top-level domain frequently abused in phishing campaigns | shows semantic inconsistency between the URL structure and webpage content,"This URL is classified as malicious because it uses an unusually long and potentially deceptive domain name, shows repeated character sequences indicative of lexical obfuscation, uses a low-trust top-level domain frequently abused in phishing campaigns, and shows semantic inconsistency between the URL structure and webpage content. These characteristics are frequently associated with deceptive or malicious web infrastructure.","This URL exhibits several indicators suggesting it may be malicious. Specifically, it incorporates a lengthy and potentially misleading domain name, utilizes repetitive character sequences – a technique known as lexical obfuscation – employs a top-level domain often associated with phishing activities, and displays a disconnect between the URL’s structure and the content of the webpage. These elements are commonly observed in deceptive or compromised web environments."
https://www.varzesh3.com,shows repeated character sequences indicative of lexical obfuscation,This URL is classified as malicious because it shows repeated character sequences indicative of lexical obfuscation. Some of these indicators may suggest attempts to hide or obfuscate the true destination of the URL.,"This URL is flagged as potentially malicious due to the presence of repeated character sequences, a technique known as lexical obfuscation. This often indicates an attempt to conceal the true destination of the URL, potentially masking malicious activity."
https://www.medicalplasticsnews.com,uses an unusually long and potentially deceptive domain name | shows repeated character sequences indicative of lexical obfuscation,"This URL is classified as malicious because it uses an unusually long and potentially deceptive domain name, and shows repeated character sequences indicative of lexical obfuscation. Some of these indicators may suggest attempts to hide or obfuscate the true destination of the URL.","This URL exhibits characteristics suggestive of malicious activity. Specifically, it incorporates a domain name of an unusually extended length and includes repeated character sequences, a technique known as lexical obfuscation. These elements may be employed to conceal the URL’s true destination and potentially mislead users."
https://www.gitguardian.com,shows repeated character sequences indicative of lexical obfuscation,This URL is classified as malicious because it shows repeated character sequences indicative of lexical obfuscation. Some of these indicators may suggest attempts to hide or obfuscate the true destination of the URL.,"This URL is flagged as potentially malicious due to the detection of repeated character sequences, a technique known as lexical obfuscation. These patterns can indicate efforts to conceal the true destination of the URL, raising concerns about potential malicious activity."
https://www.crowncenter.com,shows repeated character sequences indicative of lexical obfuscation,This URL is classified as malicious because it shows repeated character sequences indicative of lexical obfuscation. Some of these indicators may suggest attempts to hide or obfuscate the true destination of the URL.,"This URL is flagged as potentially malicious due to the presence of repeated character sequences, a technique known as lexical obfuscation. This pattern suggests an attempt to conceal the true destination of the URL, raising concerns about potential malicious activity."
https://www.dancetheyard.org,shows repeated character sequences indicative of lexical obfuscation | uses a low-trust top-level domain frequently abused in phishing campaigns,"This URL is classified as malicious because it shows repeated character sequences indicative of lexical obfuscation, and uses a low-trust top-level domain frequently abused in phishing campaigns. Some of these indicators may suggest attempts to hide or obfuscate the true destination of the URL.","This URL is flagged as potentially malicious due to several concerning indicators. Specifically, it exhibits repeated character sequences, a technique known as lexical obfuscation. Furthermore, the URL utilizes a top-level domain commonly associated with phishing campaigns – a domain often considered low-trust. These factors suggest an attempt to conceal the URL’s true destination and should be treated with caution."
https://www.olly.com,shows repeated character sequences indicative of lexical obfuscation,This URL is classified as malicious because it shows repeated character sequences indicative of lexical obfuscation. Some of these indicators may suggest attempts to hide or obfuscate the true destination of the URL.,"This URL is flagged as potentially malicious due to the detection of repeated character sequences, a technique known as lexical obfuscation. This pattern often indicates an attempt to conceal the true destination of the URL, potentially masking a harmful website."
https://www.naturalearthdata.com,uses an unusually long and potentially deceptive domain name | shows repeated character sequences indicative of lexical obfuscation,"This URL is classified as malicious because it uses an unusually long and potentially deceptive domain name, and shows repeated character sequences indicative of lexical obfuscation. Some of these indicators may suggest attempts to hide or obfuscate the true destination of the URL.","This URL is flagged as potentially malicious due to several indicators. Specifically, it incorporates a domain name that is unusually long and may be deceptive, alongside repeated character sequences suggestive of lexical obfuscation. These characteristics could represent an attempt to conceal the URL’s actual destination."
https://www.frdc.com.au,shows repeated character sequences indicative of lexical obfuscation | uses a low-trust top-level domain frequently abused in phishing campaigns | shows semantic inconsistency between the URL structure and webpage content,"This URL is classified as malicious because it shows repeated character sequences indicative of lexical obfuscation, uses a low-trust top-level domain frequently abused in phishing campaigns, and shows semantic inconsistency between the URL structure and webpage content. These characteristics are frequently associated with deceptive or malicious web infrastructure.","This URL is flagged as potentially malicious due to several concerning indicators. Specifically, it exhibits repeated character sequences suggestive of lexical obfuscation, employs a top-level domain commonly associated with phishing campaigns – and therefore considered low-trust – and demonstrates a disconnect between the URL’s structure and the content presented on the webpage. These patterns are often observed in deceptive or compromised web environments."
https://www.lukul.sk,shows repeated character sequences indicative of lexical obfuscation | uses a low-trust top-level domain frequently abused in phishing campaigns,"This URL is classified as malicious because it shows repeated character sequences indicative of lexical obfuscation, and uses a low-trust top-level domain frequently abused in phishing campaigns. Some of these indicators may suggest attempts to hide or obfuscate the true destination of the URL.","This URL is flagged as potentially malicious due to several concerning indicators. Specifically, the presence of repeated character sequences suggests lexical obfuscation, a technique often employed to conceal the true destination. Furthermore, the URL utilizes a top-level domain commonly associated with phishing campaigns – a domain typically considered low-trust. These combined signals raise suspicion, potentially indicating an attempt to disguise the URL’s actual purpose."
https://www.cityparkapp.pl,shows repeated character sequences indicative of lexical obfuscation | uses a low-trust top-level domain frequently abused in phishing campaigns | shows semantic inconsistency between the URL structure and webpage content,"This URL is classified as malicious because it shows repeated character sequences indicative of lexical obfuscation, uses a low-trust top-level domain frequently abused in phishing campaigns, and shows semantic inconsistency between the URL structure and webpage content. These characteristics are frequently associated with deceptive or malicious web infrastructure.","This URL exhibits several red flags suggesting potential malicious activity. Specifically, it demonstrates lexical obfuscation through repeated character sequences, utilizes a top-level domain commonly associated with phishing campaigns – indicating a low level of trust – and presents a disconnect between its URL structure and the content of the webpage. These factors collectively point to a website designed to deceive or compromise users."
https://www.scandlines.dk,shows repeated character sequences indicative of lexical obfuscation | uses a low-trust top-level domain frequently abused in phishing campaigns | shows semantic inconsistency between the URL structure and webpage content,"This URL is classified as malicious because it shows repeated character sequences indicative of lexical obfuscation, uses a low-trust top-level domain frequently abused in phishing campaigns, and shows semantic inconsistency between the URL structure and webpage content. These characteristics are frequently associated with deceptive or malicious web infrastructure.","The URL exhibits several red flags suggesting malicious intent. Specifically, it demonstrates lexical obfuscation through repeated character sequences, employs a top-level domain commonly associated with phishing attacks, and presents a semantic mismatch between its structure and the displayed content. These indicators are often observed in deceptive web environments."
https://www.hskonline.com,shows repeated character sequences indicative of lexical obfuscation,This URL is classified as malicious because it shows repeated character sequences indicative of lexical obfuscation. Some of these indicators may suggest attempts to hide or obfuscate the true destination of the URL.,"This URL is flagged as potentially malicious due to the presence of repeated character sequences, a technique known as lexical obfuscation. This often indicates an attempt to conceal the true destination of the URL and could be a sign of deceptive activity."
https://www.nutritioncare.org,shows repeated character sequences indicative of lexical obfuscation | uses a low-trust top-level domain frequently abused in phishing campaigns,"This URL is classified as malicious because it shows repeated character sequences indicative of lexical obfuscation, and uses a low-trust top-level domain frequently abused in phishing campaigns. Some of these indicators may suggest attempts to hide or obfuscate the true destination of the URL.","The URL is flagged as potentially malicious due to several concerning indicators. Specifically, it exhibits patterns suggestive of lexical obfuscation – the deliberate use of repeated characters to obscure the true destination. Furthermore, the website’s domain utilizes a top-level domain known to be frequently targeted in phishing campaigns, raising concerns about its trustworthiness. These observations suggest an attempt to conceal the URL’s actual purpose."
https://www.tileandstonejournal.com,uses an unusually long and potentially deceptive domain name | shows repeated character sequences indicative of lexical obfuscation,"This URL is classified as malicious because it uses an unusually long and potentially deceptive domain name, and shows repeated character sequences indicative of lexical obfuscation. Some of these indicators may suggest attempts to hide or obfuscate the true destination of the URL.","This URL is flagged as potentially malicious due to several characteristics. Specifically, it incorporates an unusually lengthy domain name and exhibits repeated character sequences, which are indicative of lexical obfuscation techniques. These elements may be employed to conceal the true destination of the URL and obscure its intended purpose."
https://www.c.line-design.fr,shows repeated character sequences indicative of lexical obfuscation | uses a low-trust top-level domain frequently abused in phishing campaigns | shows semantic inconsistency between the URL structure and webpage content,"This URL is classified as malicious because it shows repeated character sequences indicative of lexical obfuscation, uses a low-trust top-level domain frequently abused in phishing campaigns, and shows semantic inconsistency between the URL structure and webpage content. These characteristics are frequently associated with deceptive or malicious web infrastructure.","This URL is flagged as potentially malicious due to several concerning indicators. Specifically, it exhibits lexical obfuscation through repeated character sequences, utilizes a top-level domain commonly associated with phishing campaigns – indicating a low level of trust – and demonstrates semantic inconsistency between its URL structure and the content presented on the webpage. These patterns are often observed in deceptive or compromised web environments."
https://www.capeblancoheritagesociety.com,uses an unusually long and potentially deceptive domain name | shows repeated character sequences indicative of lexical obfuscation | shows semantic inconsistency between the URL structure and webpage content,"This URL is classified as malicious because it uses an unusually long and potentially deceptive domain name, shows repeated character sequences indicative of lexical obfuscation, and shows semantic inconsistency between the URL structure and webpage content. Some of these indicators may suggest attempts to hide or obfuscate the true destination of the URL.","This URL exhibits several characteristics suggestive of potential malicious activity. Specifically, it incorporates a lengthy and potentially misleading domain name, employs repeated character sequences – a technique known as lexical obfuscation – and demonstrates a disconnect between the URL’s structure and the content of the webpage. These elements could indicate an effort to conceal the true destination of the link."
https://www.caterinaperez.com,shows repeated character sequences indicative of lexical obfuscation,This URL is classified as malicious because it shows repeated character sequences indicative of lexical obfuscation. Some of these indicators may suggest attempts to hide or obfuscate the true destination of the URL.,"This URL is flagged as potentially malicious due to the presence of repeated character sequences, a technique known as lexical obfuscation. This often indicates an attempt to conceal the true destination of the link."
https://www.aqr.com,shows repeated character sequences indicative of lexical obfuscation,This URL is classified as malicious because it shows repeated character sequences indicative of lexical obfuscation. Some of these indicators may suggest attempts to hide or obfuscate the true destination of the URL.,"This URL is flagged as potentially malicious due to the presence of repeated character sequences, which suggests the use of lexical obfuscation. This technique is often employed to conceal the true destination of a URL and may represent an attempt to disguise malicious activity."
https://www.poundingtherock.com,uses an unusually long and potentially deceptive domain name | shows repeated character sequences indicative of lexical obfuscation,"This URL is classified as malicious because it uses an unusually long and potentially deceptive domain name, and shows repeated character sequences indicative of lexical obfuscation. Some of these indicators may suggest attempts to hide or obfuscate the true destination of the URL.","This URL is flagged as potentially malicious due to several indicators. Specifically, it incorporates a domain name that is unusually lengthy and may be designed to mislead. Furthermore, the presence of repeated character sequences suggests the use of lexical obfuscation, a technique potentially employed to conceal the URL’s actual destination. These observations warrant careful scrutiny."
https://www.kellerberrin.wa.gov.au,uses an unusually long and potentially deceptive domain name | contains excessive nested subdomains frequently used to disguise malicious destinations | shows repeated character sequences indicative of lexical obfuscation | uses a low-trust top-level domain frequently abused in phishing campaigns | shows semantic inconsistency between the URL structure and webpage content,"This URL is classified as malicious because it uses an unusually long and potentially deceptive domain name, contains excessive nested subdomains frequently used to disguise malicious destinations, shows repeated character sequences indicative of lexical obfuscation, uses a low-trust top-level domain frequently abused in phishing campaigns, and shows semantic inconsistency between the URL structure and webpage content. The combination of these indicators strongly resembles known phishing, credential harvesting, malware delivery, or malicious redirection infrastructure.","This URL exhibits several characteristics suggestive of malicious activity. Specifically, it incorporates an unusually lengthy and potentially misleading domain name, utilizes a high degree of nested subdomains – a common tactic for concealing malicious destinations – and demonstrates lexical obfuscation through repeated character sequences. Furthermore, the URL’s top-level domain is considered low-trust, frequently associated with phishing campaigns. Finally, a discrepancy exists between the URL’s structure and the content of the webpage itself. Collectively, these elements strongly indicate a potential risk associated with phishing, credential harvesting, malware delivery, or malicious redirection."
https://www.stadtgarten.de,shows repeated character sequences indicative of lexical obfuscation | uses a low-trust top-level domain frequently abused in phishing campaigns | shows semantic inconsistency between the URL structure and webpage content,"This URL is classified as malicious because it shows repeated character sequences indicative of lexical obfuscation, uses a low-trust top-level domain frequently abused in phishing campaigns, and shows semantic inconsistency between the URL structure and webpage content. These characteristics are frequently associated with deceptive or malicious web infrastructure.","This URL is flagged as potentially malicious due to several concerning indicators. Specifically, the presence of repeated character sequences suggests lexical obfuscation, the URL’s top-level domain is commonly associated with phishing campaigns – indicating a low level of trust – and there’s a disconnect between the URL’s structure and the content presented on the webpage. These factors frequently point to deceptive or compromised web environments."
https://www.ytv.co.jp,shows repeated character sequences indicative of lexical obfuscation | uses a low-trust top-level domain frequently abused in phishing campaigns | shows semantic inconsistency between the URL structure and webpage content,"This URL is classified as malicious because it shows repeated character sequences indicative of lexical obfuscation, uses a low-trust top-level domain frequently abused in phishing campaigns, and shows semantic inconsistency between the URL structure and webpage content. These characteristics are frequently associated with deceptive or malicious web infrastructure.","The URL exhibits several indicators suggesting malicious intent. Specifically, the presence of repeated character sequences suggests lexical obfuscation, the top-level domain is associated with a history of abuse in phishing campaigns, and there’s a disconnect between the URL’s structure and the content presented on the webpage. These factors commonly align with deceptive or compromised web environments."
https://www.today.uci.edu,shows repeated character sequences indicative of lexical obfuscation | uses a low-trust top-level domain frequently abused in phishing campaigns | shows semantic inconsistency between the URL structure and webpage content,"This URL is classified as malicious because it shows repeated character sequences indicative of lexical obfuscation, uses a low-trust top-level domain frequently abused in phishing campaigns, and shows semantic inconsistency between the URL structure and webpage content. These characteristics are frequently associated with deceptive or malicious web infrastructure.","This URL is flagged as potentially malicious due to several concerning indicators. Specifically, it exhibits repeated character sequences, a technique known as lexical obfuscation. Furthermore, it employs a top-level domain commonly associated with phishing campaigns and demonstrates a disconnect – semantic inconsistency – between the URL’s structure and the content presented on the webpage. These patterns are often observed in deceptive or compromised web environments."
https://www.spket.com,shows repeated character sequences indicative of lexical obfuscation,This URL is classified as malicious because it shows repeated character sequences indicative of lexical obfuscation. Some of these indicators may suggest attempts to hide or obfuscate the true destination of the URL.,"This URL is flagged as potentially malicious due to the presence of repeated character sequences, a technique known as lexical obfuscation. This pattern suggests an attempt to conceal the actual destination of the URL, potentially masking a harmful website."
https://www.americanauctioneers.com,uses an unusually long and potentially deceptive domain name | shows repeated character sequences indicative of lexical obfuscation,"This URL is classified as malicious because it uses an unusually long and potentially deceptive domain name, and shows repeated character sequences indicative of lexical obfuscation. Some of these indicators may suggest attempts to hide or obfuscate the true destination of the URL.","This URL is flagged as potentially malicious due to several concerning indicators. Specifically, it incorporates a domain name that is unusually long and may be deceptive in its design. Furthermore, the presence of repeated character sequences suggests a technique known as lexical obfuscation, which is often employed to conceal the true destination of a link. These observations raise a reasonable suspicion of malicious intent."
https://www.heramission.space,shows repeated character sequences indicative of lexical obfuscation | uses a low-trust top-level domain frequently abused in phishing campaigns,"This URL is classified as malicious because it shows repeated character sequences indicative of lexical obfuscation, and uses a low-trust top-level domain frequently abused in phishing campaigns. Some of these indicators may suggest attempts to hide or obfuscate the true destination of the URL.","The URL exhibits characteristics suggestive of malicious intent. Specifically, it demonstrates repeated character sequences, a technique known as lexical obfuscation. Furthermore, the URL’s top-level domain is associated with a history of abuse in phishing campaigns, indicating a potential lack of trustworthiness. These combined signals raise concerns about the URL’s true destination and potential for deceptive activity."
https://www.circlek.org,shows repeated character sequences indicative of lexical obfuscation | uses a low-trust top-level domain frequently abused in phishing campaigns,"This URL is classified as malicious because it shows repeated character sequences indicative of lexical obfuscation, and uses a low-trust top-level domain frequently abused in phishing campaigns. Some of these indicators may suggest attempts to hide or obfuscate the true destination of the URL.","This URL is flagged as potentially malicious due to several concerning indicators. Specifically, the presence of repeated character sequences suggests lexical obfuscation – a technique used to conceal the true destination. Furthermore, the URL employs a top-level domain known for frequent use in phishing campaigns, raising a significant level of suspicion. These observations collectively indicate an attempt to obscure the intended link and warrant careful scrutiny."
https://www.gunsmokenet.com,shows repeated character sequences indicative of lexical obfuscation,This URL is classified as malicious because it shows repeated character sequences indicative of lexical obfuscation. Some of these indicators may suggest attempts to hide or obfuscate the true destination of the URL.,"This URL is flagged as potentially malicious due to the presence of repeated character sequences, a technique known as lexical obfuscation. This pattern suggests an effort to conceal the true destination of the URL, potentially masking a harmful website."
https://www.bocajnarima.com,shows repeated character sequences indicative of lexical obfuscation,This URL is classified as malicious because it shows repeated character sequences indicative of lexical obfuscation. Some of these indicators may suggest attempts to hide or obfuscate the true destination of the URL.,"This URL is flagged as potentially malicious due to the presence of repeated character sequences, a technique known as lexical obfuscation. This often indicates an attempt to conceal the actual destination of the link."
https://www.raw-health-coach.com,uses an unusually long and potentially deceptive domain name | shows repeated character sequences indicative of lexical obfuscation | shows semantic inconsistency between the URL structure and webpage content,"This URL is classified as malicious because it uses an unusually long and potentially deceptive domain name, shows repeated character sequences indicative of lexical obfuscation, and shows semantic inconsistency between the URL structure and webpage content. Some of these indicators may suggest attempts to hide or obfuscate the true destination of the URL.","This URL exhibits characteristics suggestive of malicious activity. Specifically, it incorporates a lengthy and potentially misleading domain name, utilizes repeated character sequences – a technique known as lexical obfuscation – and demonstrates a disconnect between the URL’s structure and the content presented on the webpage. These elements may indicate an effort to conceal the true destination of the link."
https://www.estamos.de,shows repeated character sequences indicative of lexical obfuscation | uses a low-trust top-level domain frequently abused in phishing campaigns,"This URL is classified as malicious because it shows repeated character sequences indicative of lexical obfuscation, and uses a low-trust top-level domain frequently abused in phishing campaigns. Some of these indicators may suggest attempts to hide or obfuscate the true destination of the URL.","This URL is flagged as potentially malicious due to several concerning indicators. Specifically, it exhibits repeated character sequences, a technique known as lexical obfuscation. Furthermore, the URL employs a top-level domain often associated with phishing campaigns – a domain typically considered low-trust. These observations suggest an attempt to conceal the URL’s actual destination and should be treated with caution."
https://www.airlinesupports.com,uses an unusually long and potentially deceptive domain name | shows repeated character sequences indicative of lexical obfuscation,"This URL is classified as malicious because it uses an unusually long and potentially deceptive domain name, and shows repeated character sequences indicative of lexical obfuscation. Some of these indicators may suggest attempts to hide or obfuscate the true destination of the URL.","This URL is flagged as potentially malicious due to several characteristics. Specifically, it incorporates a domain name that is unusually lengthy and appears deliberately deceptive. Furthermore, the presence of repeated character sequences suggests the use of lexical obfuscation, a technique potentially employed to conceal the URL’s actual destination. These indicators raise concerns about attempts to mask the true target of the link."
https://www.ackerstadtpalast.de,uses an unusually long and potentially deceptive domain name | shows repeated character sequences indicative of lexical obfuscation | uses a low-trust top-level domain frequently abused in phishing campaigns | shows semantic inconsistency between the URL structure and webpage content,"This URL is classified as malicious because it uses an unusually long and potentially deceptive domain name, shows repeated character sequences indicative of lexical obfuscation, uses a low-trust top-level domain frequently abused in phishing campaigns, and shows semantic inconsistency between the URL structure and webpage content. These characteristics are frequently associated with deceptive or malicious web infrastructure.","The URL exhibits several characteristics suggestive of malicious intent. Specifically, it incorporates an unusually lengthy and potentially misleading domain name, employs repeated character sequences – a technique known as lexical obfuscation – utilizes a top-level domain commonly associated with phishing activities, and demonstrates a disconnect between the URL’s structure and the content presented on the webpage. These elements are commonly observed in deceptive or compromised web environments."
https://www.mro.nmt.edu,shows repeated character sequences indicative of lexical obfuscation | uses a low-trust top-level domain frequently abused in phishing campaigns | shows semantic inconsistency between the URL structure and webpage content,"This URL is classified as malicious because it shows repeated character sequences indicative of lexical obfuscation, uses a low-trust top-level domain frequently abused in phishing campaigns, and shows semantic inconsistency between the URL structure and webpage content. These characteristics are frequently associated with deceptive or malicious web infrastructure.","This URL is flagged as potentially malicious due to several concerning indicators. Specifically, it exhibits repeated character sequences, suggesting lexical obfuscation. Furthermore, it employs a top-level domain commonly associated with phishing campaigns and demonstrates a disconnect – semantic inconsistency – between the URL’s structure and the content presented on the webpage. These patterns are commonly observed in deceptive or compromised web environments."
https://www.shopfiire.com,shows repeated character sequences indicative of lexical obfuscation,This URL is classified as malicious because it shows repeated character sequences indicative of lexical obfuscation. Some of these indicators may suggest attempts to hide or obfuscate the true destination of the URL.,"This URL is flagged as potentially malicious due to the presence of repeated character sequences, a technique known as lexical obfuscation. This obfuscation may be used to conceal the actual destination of the link."
https://www.doc88.com,shows repeated character sequences indicative of lexical obfuscation,This URL is classified as malicious because it shows repeated character sequences indicative of lexical obfuscation. Some of these indicators may suggest attempts to hide or obfuscate the true destination of the URL.,"This URL is flagged as potentially malicious due to the presence of repeated character sequences, a technique known as lexical obfuscation. This pattern suggests an attempt to conceal the true destination of the URL, potentially masking malicious intent."
https://www.hee.nhs.uk,shows repeated character sequences indicative of lexical obfuscation | uses a low-trust top-level domain frequently abused in phishing campaigns | shows semantic inconsistency between the URL structure and webpage content,"This URL is classified as malicious because it shows repeated character sequences indicative of lexical obfuscation, uses a low-trust top-level domain frequently abused in phishing campaigns, and shows semantic inconsistency between the URL structure and webpage content. These characteristics are frequently associated with deceptive or malicious web infrastructure.","This URL is flagged as potentially malicious due to several concerning indicators. Specifically, it exhibits repeated character sequences, a technique known as lexical obfuscation. Furthermore, the URL utilizes a top-level domain commonly associated with phishing campaigns – a domain typically considered low-trust. Finally, there’s a noticeable disconnect between the URL’s structure and the content presented on the webpage, suggesting a potential attempt to mislead. These combined factors are commonly observed in deceptive or malicious online environments."
https://www.secondgeargames.com,uses an unusually long and potentially deceptive domain name | shows repeated character sequences indicative of lexical obfuscation | shows semantic inconsistency between the URL structure and webpage content,"This URL is classified as malicious because it uses an unusually long and potentially deceptive domain name, shows repeated character sequences indicative of lexical obfuscation, and shows semantic inconsistency between the URL structure and webpage content. Some of these indicators may suggest attempts to hide or obfuscate the true destination of the URL.","This URL exhibits characteristics suggestive of malicious intent. Specifically, it incorporates an unusually lengthy domain name, demonstrates repeated character sequences – a technique known as lexical obfuscation – and presents a disconnect between its structural organization and the content displayed on the webpage. These elements may be employed to conceal the true destination of the URL."
https://www.usbirthcertificates.com,uses an unusually long and potentially deceptive domain name | shows repeated character sequences indicative of lexical obfuscation,"This URL is classified as malicious because it uses an unusually long and potentially deceptive domain name, and shows repeated character sequences indicative of lexical obfuscation. Some of these indicators may suggest attempts to hide or obfuscate the true destination of the URL.","This URL is flagged as potentially malicious due to characteristics such as its extended domain name and the presence of repeated character sequences. These elements may be employed to obscure the true destination of the link, suggesting an attempt at deception."
https://www.dslweb.de,shows repeated character sequences indicative of lexical obfuscation | uses a low-trust top-level domain frequently abused in phishing campaigns,"This URL is classified as malicious because it shows repeated character sequences indicative of lexical obfuscation, and uses a low-trust top-level domain frequently abused in phishing campaigns. Some of these indicators may suggest attempts to hide or obfuscate the true destination of the URL.","This URL is flagged as potentially malicious due to several concerning indicators. Specifically, the presence of repeated character sequences suggests lexical obfuscation – a technique used to conceal the true destination. Furthermore, the URL’s top-level domain is associated with a history of abuse in phishing campaigns, indicating a low level of trust. These factors collectively raise suspicion regarding the URL’s legitimacy and intended purpose."
https://www.021.rs,shows repeated character sequences indicative of lexical obfuscation | uses a low-trust top-level domain frequently abused in phishing campaigns,"This URL is classified as malicious because it shows repeated character sequences indicative of lexical obfuscation, and uses a low-trust top-level domain frequently abused in phishing campaigns. Some of these indicators may suggest attempts to hide or obfuscate the true destination of the URL.","This URL is flagged as potentially malicious due to several concerning indicators. Specifically, the presence of repeated character sequences suggests lexical obfuscation – a technique used to conceal the true destination. Furthermore, the URL employs a top-level domain commonly associated with phishing campaigns, indicating a low level of trust. These observations collectively raise suspicion about the URL’s legitimacy and potential for deceptive activity."
https://www.brainy.games,shows repeated character sequences indicative of lexical obfuscation | uses a low-trust top-level domain frequently abused in phishing campaigns,"This URL is classified as malicious because it shows repeated character sequences indicative of lexical obfuscation, and uses a low-trust top-level domain frequently abused in phishing campaigns. Some of these indicators may suggest attempts to hide or obfuscate the true destination of the URL.","This URL is flagged as potentially malicious due to several concerning indicators. Specifically, the presence of repeated character sequences suggests lexical obfuscation – a technique used to conceal the true destination. Furthermore, the URL’s top-level domain is associated with a history of abuse in phishing campaigns, indicating a low level of trust. These factors collectively raise suspicion about the URL’s legitimacy and potential for harmful activity."
https://www.irgendwie-nerdig.de,uses an unusually long and potentially deceptive domain name | shows repeated character sequences indicative of lexical obfuscation | uses a low-trust top-level domain frequently abused in phishing campaigns | shows semantic inconsistency between the URL structure and webpage content,"This URL is classified as malicious because it uses an unusually long and potentially deceptive domain name, shows repeated character sequences indicative of lexical obfuscation, uses a low-trust top-level domain frequently abused in phishing campaigns, and shows semantic inconsistency between the URL structure and webpage content. These characteristics are frequently associated with deceptive or malicious web infrastructure.","This URL exhibits several characteristics indicative of potential malicious activity. Specifically, it incorporates a lengthy and potentially misleading domain name, employs repeated character sequences suggestive of lexical obfuscation, utilizes a top-level domain commonly associated with phishing campaigns, and demonstrates a disconnect between the URL’s structure and the content of the webpage. These elements are commonly observed in deceptive web environments."
https://www.peachstatearchaeologicalsociety.org,uses an unusually long and potentially deceptive domain name | shows repeated character sequences indicative of lexical obfuscation | uses a low-trust top-level domain frequently abused in phishing campaigns,"This URL is classified as malicious because it uses an unusually long and potentially deceptive domain name, shows repeated character sequences indicative of lexical obfuscation, and uses a low-trust top-level domain frequently abused in phishing campaigns. Some of these indicators may suggest attempts to hide or obfuscate the true destination of the URL.","This URL is flagged as potentially malicious due to several concerning indicators. Specifically, it incorporates an unusually lengthy and potentially misleading domain name, exhibits repeated character sequences suggestive of lexical obfuscation, and utilizes a top-level domain typically associated with phishing campaigns. These elements collectively raise suspicion regarding the URL’s true destination and may represent attempts to conceal its intended purpose."
https://www.jazzmasters.nl,shows repeated character sequences indicative of lexical obfuscation | uses a low-trust top-level domain frequently abused in phishing campaigns,"This URL is classified as malicious because it shows repeated character sequences indicative of lexical obfuscation, and uses a low-trust top-level domain frequently abused in phishing campaigns. Some of these indicators may suggest attempts to hide or obfuscate the true destination of the URL.","The URL listed exhibits characteristics suggestive of malicious intent. Specifically, the presence of repeated character sequences indicates lexical obfuscation, a technique often employed to conceal the true destination. Furthermore, the URL’s top-level domain is associated with a history of abuse in phishing campaigns, raising concerns about potential deception."
https://www.londondesignbiennale.com,uses an unusually long and potentially deceptive domain name | shows repeated character sequences indicative of lexical obfuscation | shows repeated lexical patterns resembling typosquatting or algorithmic domain generation,"This URL is classified as malicious because it uses an unusually long and potentially deceptive domain name, shows repeated character sequences indicative of lexical obfuscation, and shows repeated lexical patterns resembling typosquatting or algorithmic domain generation. Some of these indicators may suggest attempts to hide or obfuscate the true destination of the URL.","This URL is flagged as potentially malicious due to several observed characteristics. Specifically, it incorporates an unusually lengthy domain name, exhibits repeated character sequences suggestive of lexical obfuscation, and displays recurring patterns reminiscent of typosquatting or algorithmic domain generation techniques. These elements may indicate an effort to conceal the actual destination of the URL."
https://www.honneur-au-scoutisme.com,uses an unusually long and potentially deceptive domain name | shows repeated character sequences indicative of lexical obfuscation | shows semantic inconsistency between the URL structure and webpage content,"This URL is classified as malicious because it uses an unusually long and potentially deceptive domain name, shows repeated character sequences indicative of lexical obfuscation, and shows semantic inconsistency between the URL structure and webpage content. Some of these indicators may suggest attempts to hide or obfuscate the true destination of the URL.","This URL exhibits several characteristics suggestive of malicious intent. Specifically, it incorporates an unusually lengthy domain name, demonstrates repeated character sequences – a technique known as lexical obfuscation – and presents a disconnect between its structural organization and the content it displays. These elements may indicate an effort to conceal the URL’s actual destination."
https://www.leonardodavinci.net,uses an unusually long and potentially deceptive domain name | shows repeated character sequences indicative of lexical obfuscation | uses a low-trust top-level domain frequently abused in phishing campaigns,"This URL is classified as malicious because it uses an unusually long and potentially deceptive domain name, shows repeated character sequences indicative of lexical obfuscation, and uses a low-trust top-level domain frequently abused in phishing campaigns. Some of these indicators may suggest attempts to hide or obfuscate the true destination of the URL.","This URL is flagged as potentially malicious due to several concerning indicators. Specifically, it incorporates an unusually lengthy and potentially misleading domain name, exhibits patterns of repeated characters suggestive of lexical obfuscation, and utilizes a top-level domain typically associated with malicious activity, including phishing campaigns. These elements collectively raise suspicion regarding the URL’s true destination and intended purpose."
https://www.art.yale.edu,shows repeated character sequences indicative of lexical obfuscation | uses a low-trust top-level domain frequently abused in phishing campaigns | shows semantic inconsistency between the URL structure and webpage content,"This URL is classified as malicious because it shows repeated character sequences indicative of lexical obfuscation, uses a low-trust top-level domain frequently abused in phishing campaigns, and shows semantic inconsistency between the URL structure and webpage content. These characteristics are frequently associated with deceptive or malicious web infrastructure.","This URL is flagged as potentially malicious due to several concerning indicators. Specifically, the presence of repeated character sequences suggests lexical obfuscation. Furthermore, the URL utilizes a top-level domain commonly associated with phishing campaigns and exhibiting a low level of trust. Finally, a disconnect exists between the URL’s structure and the content presented on the webpage. These combined observations are often indicative of deceptive or compromised web environments."
https://www.isuog.org,shows repeated character sequences indicative of lexical obfuscation | uses a low-trust top-level domain frequently abused in phishing campaigns,"This URL is classified as malicious because it shows repeated character sequences indicative of lexical obfuscation, and uses a low-trust top-level domain frequently abused in phishing campaigns. Some of these indicators may suggest attempts to hide or obfuscate the true destination of the URL.","This URL is flagged as potentially malicious due to several concerning indicators. Specifically, the presence of repeated character sequences suggests lexical obfuscation – a technique used to conceal the true destination. Furthermore, the URL’s top-level domain is associated with a history of abuse in phishing campaigns, indicating a low level of trust. These factors collectively raise suspicion regarding the URL’s legitimacy and intended purpose."
https://www.hostmaster.ua,shows repeated character sequences indicative of lexical obfuscation | uses a low-trust top-level domain frequently abused in phishing campaigns,"This URL is classified as malicious because it shows repeated character sequences indicative of lexical obfuscation, and uses a low-trust top-level domain frequently abused in phishing campaigns. Some of these indicators may suggest attempts to hide or obfuscate the true destination of the URL.","This URL is flagged as potentially malicious due to several concerning indicators. Specifically, the presence of repeated character sequences suggests lexical obfuscation, a technique often employed to conceal the true destination. Furthermore, the URL’s top-level domain is associated with a history of abuse in phishing campaigns, indicating a low level of trust. These factors together raise concerns about the URL’s legitimacy and potential for malicious activity."
